{
    "datepicker": {
        "toggleCalendar": "Alternar calendario"
    },
    "calendar": {
        "today": "Hoy"
    },
    "dateinput": {
        "increment": "Incrementar valor",
        "decrement": "Disminuir valor"
    },
    "numerictextbox": {
        "increment": "Incrementar valor",
        "decrement": "Disminuir valor"
    },
    "grid": {
        "groupPanelEmpty": "Arrastre el título de una columna y suéltelo aquí para agrupar por ese criterio",
        "noRecords": "No hay datos disponibles.",
        "pagerFirstPage": "Ir a la primera página",
        "pagerPreviousPage": "Ir a la página anterior",
        "pagerNextPage": "Ir a la página siguiente",
        "pagerLastPage": "Ir a la última página",
        "pagerPage": "Página",
        "pagerOf": "de",
        "pagerTotalPages": "{0}",
        "pagerItems": "ítems",
        "pagerInfo": "{0} - {1} de {2} ítems",
        "pagerItemsPerPage": "ítems por página",
        "filterEqOperator": "Es igual a",
        "filterNotEqOperator": "No es igual a",
        "filterIsNullOperator": "Es nulo",
        "filterIsNotNullOperator": "No es nulo",
        "filterIsEmptyOperator": "Está vacío",
        "filterIsNotEmptyOperator": "No está vacío",
        "filterStartsWithOperator": "Comienza con",
        "filterContainsOperator": "Contiene",
        "filterNotContainsOperator": "No contiene",
        "filterEndsWithOperator": "Termina en",
        "filterGteOperator": "Es mayor o igual que",
        "filterGtOperator": "Es mayor que",
        "filterLteOperator": "Es menor o igual que",
        "filterLtOperator": "Es menor o igual que",
        "filterIsTrue": "Sí",
        "filterIsFalse": "No",
        "filterBooleanAll": "(Todas)",
        "filterAfterOrEqualOperator": "Es posterior o igual a",
        "filterAfterOperator": "Es posterior",
        "filterBeforeOperator": "Es anterior",
        "filterBeforeOrEqualOperator": "Es anterior o igual a",
        "filterSubmitButton": "Filtrar",
        "filterClearButton": "Limpiar filtros",
        "filterAndLogic": "Y",
        "filterOrLogic": "O",
        "filterTitle": "Filtrar",
        "sortAscending": "Srden ascendente",
        "sortDescending": "Orden descendiente",
        "searchPlaceholder": "Buscar",
        "filterCheckAll": "Comprobar todo"
    }
}